company,year,word_counts,sentence_counts,type_token,content_word_diversity,average_sentence_length,average_word_length,spatial_adverbial_ratio,time_adverbial_ratio,modal_verb_ratio,first_person_ratio,impersonal_pronoun_ratio,negation_ratio,exclusive_conjunction_ratio,inclusive_conjunction_ratio,tentative_word_ratio,number_count_ratio,future_verb_ratio,past_verb_ratio
Aldi,2020,6283,371,0.17862045298558682,0.5654178674351585,19.759887005649716,4.683345246604718,0.1029512697323267,0.17158544955387783,0.6459021099468925,0.8468494330414812,0.10047366154729438,0.3588345055260514,0.028706760442084114,3.2008037892923786,0.04306014066312617,5.647287359511586,0.48563896212016094,7.664705038036458
Aldi,2021,8139,468,0.1547462529581909,0.5725700525394045,20.41111111111111,4.652041371801851,0.06573757559821194,0.06573757559821194,0.4942339373970346,1.2191103789126854,0.07688083470620538,0.18671059857221306,0.010982976386600769,2.8775398132894017,0.032948929159802305,5.176995854151164,0.2763899223982141,7.655134541460735
Allianz,2020,61333,2565,0.08289564616447823,0.5783711131582524,26.288994457640538,5.114752123366062,0.4785763648928818,0.16240497581202487,0.4584083704177767,2.774263644346545,0.32445787256842634,0.1518105642292637,0.02679009956987007,4.2268823765795,0.03423179389483398,2.4538522683781316,0.2208025436453028,10.165354447900699
Allianz,2021,59048,2367,0.08217351598173515,0.5757714755705993,27.082408198121264,5.089017122315769,0.4986301369863014,0.11141552511415526,0.4697318484414857,2.8588315809120886,0.2690848005972749,0.18353760965594476,0.043551297206495365,4.104709761712188,0.04821750762147701,2.5003851486673856,0.19719611770143275,9.651278541653705
Asklepios,2020,12877,737,0.2773728410711456,0.8283225625175611,19.595598349381017,6.322757265197248,0.5149738551735066,0.1584534938995405,0.490402129746392,2.494045116995937,0.18214936247723132,0.4273504273504274,0.1120919153706039,3.909205548549811,0.028022978842650974,1.3784899587152752,1.1685676299769086,8.30180748213535
Asklepios,2021,3599,180,0.3589967920676582,0.8267838676318511,28.895522388059703,5.574638429752066,0.4374453193350831,0.058326042578011085,0.38900414937759337,2.5155601659751037,0.1037344398340249,0.7520746887966805,0.05186721991701245,3.967842323651452,0.025933609958506226,3.9631807721810275,0.9460496036819227,6.301867219917012
Axel Springer,2020,6293,238,0.24131179637787567,0.5497693795566136,33.53731343283582,4.579735944221926,0.4242127590145211,0.14684287812041116,0.5378753922008068,2.9583146571044376,0.776931122067832,0.3585835948005379,0.10458688181682356,3.9593605259226052,0.0,2.152122641509434,0.13266509433962265,8.680711190796355
Axel Springer,2021,8873,321,0.21649484536082475,0.5362732656514383,34.24909747292419,4.547802255718351,0.3359203058033129,0.1390015058496467,0.7439685407588479,3.1459241152088424,0.6376873206504411,0.2869592942926985,0.10628122010840685,3.4222552874907004,0.02125624402168137,1.9819630872483223,0.37751677852348997,9.193325539377192
BMW,2020,110525,4589,0.05822094826370941,0.5652912881694347,27.061065299754848,4.859581792576365,0.2631455288755228,0.20393778487853015,0.4377192694842454,0.3409947867143185,0.6680546903177154,0.32951900062297124,0.06967441555460835,2.9976392668612086,0.12951244303091905,2.1502058448571266,0.12180169060746562,8.462572543362077
BMW,2021,145662,5138,0.04559783428239062,0.5912532069263305,33.193817878028405,4.791464274029145,0.2261939810858747,0.15151406352101449,0.38157416573727143,0.7737998270698363,0.36277740880440096,0.2675405070111903,0.04260598238117317,2.627160060650869,0.08270573050463026,2.6654423169990196,0.11043964907491283,8.029974561722284
Bayer,2020,52403,2912,0.09124493525065544,0.5671519340874179,20.163832002776815,5.13425487597046,0.315802017955033,0.12512910145388098,0.47753833330439166,2.4901453453036275,0.2830499939222394,0.26915796968065714,0.057304599996527,4.020004514907879,0.05556809696632921,2.7484287412943775,0.10871411584847969,8.929098581277024
Bayer,2021,4630,170,0.2510993843447669,0.5737963693764798,30.40119760479042,5.00354540082726,0.46174142480211083,0.13192612137203166,1.019607843137255,1.5294117647058825,1.3333333333333335,0.27450980392156865,0.13725490196078433,4.235294117647059,0.09803921568627451,1.4224473889321902,0.4286827747466875,10.098039215686274
Beiersdorf,2020,17675,783,0.18077657542966263,0.5735548105252464,26.42302543507363,4.715523355963117,0.4687228748336323,0.44557606619987267,0.47934727180010195,4.201937786843447,0.4181540030596635,0.3212646608873024,0.13258541560428352,3.304436511983682,0.030596634370219276,1.5985430999595305,0.1972885471469041,8.944416114227435
Beiersdorf,2021,7332,323,0.245903935023106,0.5572292875663662,25.5062893081761,4.889409443964986,0.5321383559725529,0.15404005041310742,0.613195977434388,4.844248221731665,0.45376502330144713,0.20848663232769193,0.11037527593818984,3.2131469217561928,0.02452783909737552,2.000484966052376,0.41222114451988356,9.4186902133922
Bertelsmann,2020,19900,888,0.1385514139481983,0.5749136732588905,25.91415313225058,5.093517772405766,0.3515483637491599,0.07237760430129762,0.31183178902352104,0.09800427655024947,0.735032074126871,0.19600855310049894,0.049002138275124736,4.334461867426942,0.031183178902352105,2.0139256125506786,0.017627357659086903,7.978439059158945
Bertelsmann,2021,22050,958,0.1357142857142857,0.5683241252302026,26.090618336886994,5.266334327626364,0.2567693744164332,0.09803921568627451,0.25494631764156706,0.04308951847463105,0.5565729469639844,0.18313045351718193,0.050271104887069554,3.7882868325613126,0.03231713885597329,1.8512596382759479,0.024872970187968586,16.018528492944093
DEERE,2020,23763,1071,0.1567094017094017,0.578057798234362,25.218631178707223,4.977987184319638,0.28205128205128205,0.11965811965811966,0.6088223209950323,3.1188137302506256,0.4183319015425989,0.2539872259365779,0.07096701901169088,4.299107309602959,0.0896425503305569,0.9461019853242448,0.14526762766789586,11.298696447913944
DEERE,2021,22017,867,0.15687462144155057,0.5788762941441257,28.649882903981265,4.87456574161115,0.37273447327959747,0.1910264175557937,0.6015098300431957,2.587703362803278,0.4117718299624561,0.2785515320334262,0.0645916596019539,4.053126640022607,0.0645916596019539,1.5414258188824663,0.2207771355170199,10.879657664204109
DEKRA,2020,7087,86,0.060419940008570205,0.8692783505154639,158.15217391304347,1.5589003436426117,0.014283673760891302,0.014283673760891302,0.05530208765380893,0.27651043826904464,0.013825521913452233,0.013825521913452233,0.013825521913452233,0.4977187888842804,0.0,1.1549566891241578,0.13749484394335212,0.6774505737591594
DEKRA,2021,11140,466,0.285360938072554,0.8367079268792524,27.086474501108647,5.997216764898494,0.5771344814950531,0.21986075485525833,0.13937853570550135,1.729933590227105,0.1885709600721489,0.26235959662212016,0.16397474788882513,4.615889153070428,0.008198737394441255,1.3599868916926101,0.8438472882189088,6.477002541608592
DZ BANK,2020,46579,1826,0.08549857612750833,0.6024730537763415,30.08953488372093,5.0450786412644435,0.24503852182167377,0.0927172785271198,0.33202187889837825,0.27444583053449767,0.7101045964878611,0.30707225794069665,0.034545629018328375,3.500623740523942,0.05373764513962191,1.27045199139064,0.07618902497095292,8.162364456386143
DZ BANK,2021,49567,1842,0.08258797960377831,0.5979040163874461,31.630849220103986,5.063795591109163,0.252862994232216,0.11493772465100727,0.318442526551955,0.13027194268034523,0.6929743617579475,0.3021585337169118,0.048851978505129456,3.4576344786408293,0.043423980893448406,1.5786647574727044,0.06801503490245213,8.08590710886754
Debeka,2020,10819,656,0.30479122570713874,0.8187568524921987,18.361669242658422,6.406228956228956,0.509909563209544,0.05772561092938234,0.27022462421888194,1.663570342847492,0.25333558520520183,0.2617801047120419,0.09288971457524067,4.08714744131059,0.0,1.5323734949903174,0.8419634587858887,7.8027360243202155
Debeka,2021,8248,402,0.2718095712861416,0.8115736704446382,26.894736842105264,6.034246575342466,0.22432701894317048,0.024925224327018942,0.5140544678989392,0.3499945313354479,0.4046811768566116,0.5796784425243355,0.010937329104232747,4.560866236465055,0.0,1.8914829226113272,1.2537829658452226,6.223340260308433
Deutsche Bank,2020,56423,2234,0.0881121961964902,0.5824623645603605,28.323090826931768,5.084079197179278,0.2882003083926867,0.09361920845877084,0.3745789920992162,2.914791148603985,0.43910730586420726,0.27070414555069405,0.042494255406213606,4.554754635021562,0.047215839340237334,2.1695884620166606,0.14919806042521447,9.539173408039284
Deutsche Bank,2021,68032,2598,0.07699926856028283,0.5930028152632205,29.478615863141524,5.089411485399245,0.278861392173595,0.10209679385590638,0.3735325506937033,2.229481739854752,0.5843767082281281,0.27201499336231355,0.03383918577712992,4.50711924408465,0.040346721503501055,2.3055605450206564,0.12830053116419904,9.04157013822006
Draeger,2020,19487,1138,0.24504714482466364,0.8131313131313131,19.37757847533632,6.175229103026937,0.5985803580887806,0.07416039834728255,0.33402922755741127,2.704708884249594,0.25980051032243096,0.4360937137555092,0.12062166550684296,3.8970076548364654,0.013917884481558803,1.8843524847589137,1.0714945501570294,8.230109023428438
Draeger,2021,27484,1269,0.12708941363756965,0.5595443105047027,25.018166804293973,4.978974815988382,0.3070158814388053,0.1895159761967934,0.43188064389477815,2.7908650700170132,0.42206517471535143,0.5496662740478995,0.058892815076560655,3.5564716660123024,0.08506739955503206,2.693472517559121,0.10309942650944004,8.820834969244864
EON,2020,61941,2885,0.08251241756233699,0.5731369125350315,24.170559094125974,4.9092905454864875,0.39038490290213795,0.19103942056913134,0.47032182206157735,2.7841890577595843,0.6924182380350999,0.20177386810666434,0.06532247528633019,4.209670629563501,0.07838697034359622,1.9049399045373512,0.1581459543389499,9.834661556997489
EON,2021,59124,2673,0.08254106955609927,0.5752883234780998,24.72886519421173,4.966737503464843,0.39496679482698355,0.18524991261796575,0.4413398469007289,2.929583466496218,0.6467911549407235,0.19936386187584654,0.06544004626459084,4.207947160967295,0.03652467698488791,2.155802286867835,0.18831256873408758,9.675995677913225
Ernst & Young,2020,21569,1088,0.23079118892430658,0.806633967910882,22.711320754716983,5.927058237102268,1.6270992911175604,0.11418240639421476,0.43790140962549007,3.298857285845358,0.3002752523146217,0.4337309200100092,0.20018350154308115,3.6199849862373847,0.012511468846442572,1.4547570555717195,0.5528076811172534,8.015681040954208
Ernst & Young,2021,18813,900,0.2504108688506629,0.7999148775182068,24.10136674259681,5.823062381852552,2.0598225046565135,0.12052152952777473,0.3892158724131384,2.957091323333966,0.25631289158913995,0.3559901272071388,0.14714258591228402,3.6833111828365297,0.0047465350294285166,1.6030642644346715,0.66203243958954,8.00265805961648
Generali,2020,6829,260,0.23516187050359713,0.5665827481118325,29.286821705426355,5.02289571201694,0.19484412470023982,0.10491606714628297,0.38167938931297707,1.3819426164780206,0.5790997630955514,0.315872598052119,0.0,3.72466438536457,0.06580679126085812,1.4769311201150177,0.18298261665141813,9.515662016320084
Generali,2021,7769,272,0.22151982088765967,0.5666432419770439,31.884328358208954,5.05348156816852,0.36876070064533123,0.06585012511523772,0.4405797101449276,1.0898550724637681,0.49855072463768113,0.2898550724637681,0.034782608695652174,4.104347826086956,0.057971014492753624,1.187730627306273,0.2421586715867159,9.42608695652174
HUK COBURG,2020,8804,483,0.3099462993229045,0.8239641890485113,20.254736842105263,6.567612514291653,0.6887695540508989,0.03502218071445248,0.35438815926620804,0.7400458619970816,0.28142589118198874,0.40650406504065045,0.18761726078799248,3.377110694183865,0.010423181154888472,1.3229166666666667,1.0729166666666667,7.838232228476132
HUK COBURG,2021,8377,453,0.3133308940114648,0.8226659471127901,20.76062639821029,6.676831896551724,0.7439931698987682,0.02439321868520551,0.32449972958355866,2.3796646836127637,0.2812330989724175,0.4326663061114116,0.15143320713899405,3.8182801514332074,0.02163331530557058,1.3587835651892592,0.8842877170279305,7.636560302866415
Infineon,2020,22983,992,0.12651504834536292,0.5672160954978458,26.046248715313464,5.058517144773705,0.33138136093331516,0.14526306232693267,0.37160179933502835,2.2178760023469586,0.28554664580481126,0.2816350479170741,0.03129278310189713,3.4030901623313126,0.050850772540582824,2.5232919254658386,0.14363354037267081,8.382554273420691
Infineon,2021,25294,1046,0.11680606485105682,0.5675888479295659,27.2729044834308,5.073154170538203,0.2884100366692761,0.168925878620576,0.34701320774760097,2.230799192663149,0.3045217945540172,0.29389894125562127,0.03895046209411848,3.5338691972663856,0.03895046209411848,2.5574369423171506,0.10538888498559686,8.413299812329592
KfW,2020,45307,1828,0.09783940810675866,0.5775091960063058,27.922341024198087,5.052380184610423,0.3131950433480096,0.15432799237438155,0.3878730309506847,0.3285047098868044,0.6985672445183251,0.2533048365392227,0.061347265099343,3.633341249109475,0.0514525449220296,1.7277517679092635,0.09402730709710277,8.279901844375841
KfW,2021,47952,1977,0.09382562696763969,0.5748938519830163,27.341463414634145,5.0336895249302485,0.32338894480971453,0.17775683721328678,0.37170554943310236,0.3380839419466911,0.6817714851411173,0.22787978407456527,0.06911108205540094,3.623662140202103,0.05416814539477371,1.7277061236557152,0.11086884215972505,8.233558100005602
LANXESS,2020,19818,856,0.142279792746114,0.568979628955984,26.436450839328536,6.073566763425254,0.533678756476684,0.22279792746113988,0.1665456719477303,1.577913481658624,0.12811205534440792,0.08540803689627194,0.02989281291369518,1.5416150659777086,0.010676004612033992,0.7374505886853402,0.048880010201045605,53.87111927232353
LANXESS,2021,33193,1385,0.0931754440635712,0.571432452256119,27.47505584512286,5.898479633594406,0.4923652228108445,0.17450919289498287,0.21592959055376373,1.5798392827857652,0.13939758377521455,0.10113158038593999,0.03553271743289783,1.619471929153228,0.01503307276007216,0.8697188362074824,0.058434234307690215,50.817252500956656
Landesbank Baden Württemberg,2021,65753,2804,0.08432754031626742,0.5845507166482911,26.27998554913295,5.062428683374806,0.3491467042429936,0.19884139658681696,0.3739094308267553,1.4165672701931196,0.44627899808354665,0.3350442928555155,0.04690620099977217,3.773938914724526,0.03216425211412949,1.7414556919924968,0.09445634387430654,8.78754171301446
Linde,2020,40776,1694,0.10021131960180259,0.5870112657389,27.478497880072684,5.0570017854387554,0.3258904702497645,0.05855844387300456,0.322170597001841,0.3879196984307881,0.6224248268606996,0.2936793197159639,0.06574910142894713,4.655036381169457,0.06574910142894713,2.441769850203481,0.08658758334054897,9.218024020338389
Linde,2021,44592,1893,0.09543858016794213,0.58675817521195,26.829821717990274,5.044400144980065,0.32332348631108837,0.10699913935474867,0.3262936642978681,0.4584125713141827,0.600540486437794,0.28025222700430386,0.06605945350815734,4.48803923531178,0.05404864377940147,2.441292262646646,0.10089619561991808,9.342408167350616
Mercedes Benz,2020,98302,4339,0.05988376902713435,0.5699642453719695,24.9774261112404,4.9805735688729875,0.3433156849768365,0.21715751158173396,0.6094942203134281,2.7038881527847582,0.4733403390140266,0.18458445652670535,0.06396491067757117,3.508932242883904,0.04751679078905286,1.0174365694732628,0.1647191583852062,9.076620825147348
Mercedes Benz,2021,124161,5778,0.05505699931977807,0.566877082106738,23.769801980198018,4.979827732405052,0.31962235389570476,0.21963792524115097,0.6083042973286876,2.473867595818815,0.5574912891986062,0.2163182346109175,0.07912311265969803,3.350029036004646,0.06024970963995354,1.1786600496277915,0.14570950429915172,9.055603948896632
Munich Re,2021,46165,1966,0.09947054930509597,0.5756918810179489,26.659043659043657,5.030278806784948,0.3088462386940216,0.11250827266710788,0.37825424088619564,2.408475982785572,0.4052724009494953,0.2064959376266476,0.06368566300634927,3.9388617635139047,0.052106451550649406,1.2594747722226476,0.13398667789602633,8.944940849528148
MunichRe,2020,40509,1671,0.1065166384943361,0.5915299932599416,27.385135135135137,5.08566429644916,0.317884804601761,0.11353028735777178,0.47051027170311466,2.370223105809587,0.41749502982107356,0.23415065164568144,0.0728959575878065,3.781753920918931,0.055224210293792805,1.6142120846584056,0.19519684175896482,9.363817097415508
Philip Morris,2020,11080,365,0.19981299672744274,0.577819889593804,36.912121212121214,4.966258927838437,0.5142589995324918,0.04675081813931744,0.5348026902195933,2.771250303865165,0.38894741106879505,0.4618750506441942,0.10533992383113198,4.537719795802609,0.12964913702293168,2.424775928297055,0.1440460947503201,11.003970504821327
Philip Morris,2021,10935,317,0.19640122511485453,0.5995667388768539,42.53003533568904,4.996510468594217,0.33499234303215925,0.01914241960183767,0.2681618722574354,1.7796196977084349,0.4306842190801235,0.4306842190801235,0.03250446936453762,4.119941491955144,0.08126117341134406,3.1940441882804995,0.05603586295228947,10.108889972371202
Procter Gamble,2020,14961,612,0.16199655765920826,0.5863190220991148,38.66046511627907,4.993743984600577,0.5851979345955249,0.1514629948364888,0.5485463521667581,3.8520143841043457,0.38398244651673064,0.2681782166148595,0.09751935149631255,3.6447857621746813,0.04266471627963674,2.2418807561803202,0.18783325254483763,9.465472054610837
Procter Gamble,2021,1616,79,0.3719898605830165,0.5339265850945495,25.01388888888889,4.470294280955025,0.697084917617237,0.2534854245880862,0.4507042253521127,5.690140845070422,0.16901408450704225,0.39436619718309857,0.11267605633802817,4.112676056338028,0.0,1.790710688304421,0.16787912702853947,12.056338028169014
REWE,2020,50298,1766,0.12329406986190089,0.8450787876538168,37.669461914744936,5.929077619471653,1.1007311129163282,0.08935824532900082,0.2694115679753256,0.07617844335854035,0.17279500566693298,0.2675535571617027,0.04830828115419632,4.31058508760521,0.0018580108136229353,1.5663567358907262,0.9891802609357311,6.330242842013341
REWE,2021,102692,4110,0.06293587853186147,0.5714336735149421,29.06625258799172,4.837504785817952,0.34770653170206833,0.13151077989877655,0.4002337648538084,0.07792161793613969,0.7880709086723219,0.2036587741512742,0.04604459241680982,3.649033949032178,0.03364797138151487,1.5523944082209333,0.09038814247979429,8.586431012803939
SAP,2020,115331,4550,0.056758989833674604,0.5623642232015393,29.07794548321694,4.950618622992478,0.2891834608614434,0.10956640442576428,0.5060970443008235,2.1769105741158707,0.3481824414367918,0.35434496252416864,0.05854395033008003,4.1342813344939415,0.15714428772810957,1.9129628503678484,0.10260229829148174,9.439441675589483
SAP,2021,110060,3995,0.05591357267537859,0.5574744979084616,31.674658417117815,4.962796868132762,0.2792848044534604,0.11982827758645091,0.4456436309422527,2.549891830136853,0.3135710639539123,0.37758169458016316,0.059959324890412176,4.042392863219816,0.13288282813550809,2.06588853921842,0.08923236266581684,9.458178370888938
Salzgitter,2020,16948,665,0.15660411295641224,0.5753007217321572,28.20331325301205,4.997810530812774,0.4916361892199772,0.2757959110258409,0.3967414303851037,1.4864578925095218,0.5713076597545493,0.1639864578925095,0.06347862886161659,3.433135844265764,0.04231908590774439,1.0432033719704952,0.10537407797681769,8.151713922979264
Salzgitter,2021,19714,777,0.14419446599431082,0.5739949460142431,28.312987012987012,4.968256880733945,0.48099301784328935,0.2896302042927334,0.35065349059611095,1.3479666651486861,0.601120269593333,0.20037342319777768,0.0637551801083838,3.306161482763332,0.0318775900541919,1.2728755209277043,0.09965573473455336,8.083246049455804
Sanofi,2020,4409,514,0.4027518656716418,0.771042471042471,10.312127236580517,6.225178330441488,0.4430970149253731,0.04664179104477612,0.23166023166023164,0.15444015444015444,0.15444015444015444,0.40540540540540543,0.019305019305019305,4.343629343629344,0.0,1.5726889144610665,0.9589566551591868,7.22007722007722
Sanofi,2021,20391,1092,0.26552505666079074,0.8250537115797781,21.33551401869159,6.444892237602944,1.2087635356333417,0.030219088390833544,0.3598720454949351,0.8930158165985427,0.19104318464545939,0.28434334458859073,0.044428647591967296,4.380664652567976,0.022214323795983648,1.6215497762615747,1.1873643170439945,7.490669984005686
Siemens,2020,6621,294,0.22570483540715072,0.555008441193022,34.72682926829268,4.741115325186121,0.2205071664829107,0.2047566545912742,0.48746518105849584,3.6908077994428967,0.4317548746518106,0.4178272980501393,0.09749303621169916,3.6350974930362114,0.04178272980501393,2.2563676633444074,0.16611295681063123,8.913649025069638
Siemens,2021,9428,414,0.19884628435697319,0.5687912942090945,33.092948717948715,4.762808716707021,0.22621875353466803,0.21490781585793461,0.3941170816110737,2.3647024896664424,0.3652792463712391,0.3652792463712391,0.08651350571950399,3.6335672402191674,0.019225223493223108,3.6332509035571623,0.15217804831653034,8.180332596366432
Talanx,2020,45244,2243,0.16938728852309098,0.817533615364754,23.02463503649635,6.188432798842487,0.48010973936899864,0.06858710562414266,0.3070971344247911,1.007039304444932,0.2053961353620356,0.36891538875705426,0.051847568149640054,4.227570941432189,0.013958960655672325,2.3194246878457405,1.0629050102734314,7.344407442120167
Talanx,2021,35059,1685,0.1857570459058175,0.8234629829030649,23.14502427184466,6.587744828128687,0.5541890169812999,0.04741724209465667,0.26671596070560893,0.24030843984366748,0.1980564064645611,0.2482306961022499,0.036970529206718075,4.719023978028942,0.013203760430970742,2.8504368235754334,1.1970269917851089,7.090419351431287
Telefonica,2020,73299,2936,0.07491670360784201,0.5658301350745153,28.04881450488145,4.985107652528467,0.30601592998813115,0.1444280791065479,0.5620411750869678,2.5440410017703057,0.4246258217066739,0.2797826113869047,0.07799249786449113,3.929336320982458,0.04209118932369362,3.289378350963629,0.22702023861276144,8.454139173279522
Telefonica,2021,77781,3015,0.07226229332043894,0.5664785513154329,29.016712141882675,4.984179037812805,0.34922297887200976,0.20416112610979034,0.5320019643149452,2.761733274092089,0.3121857680705282,0.22917007693566865,0.053784813974697754,3.830414143067605,0.03975399293782008,3.1164027807901737,0.2568463830321571,8.744709211234012
United Internet,2020,51481,1975,0.08796944366675999,0.5752508944934113,29.38268442622951,4.63956063115683,0.2699676038875335,0.17797864256289245,0.46271330909596947,2.4005427314001424,0.46967140396959306,0.21917998851914344,0.08697618592029502,3.9765512202758884,0.05392523527058291,1.3177613560022738,0.08268306547465247,9.339502844121279
United Internet,2021,51635,1972,0.08853491756543928,0.575823791626606,29.399383983572896,4.637977998952331,0.2890691971850641,0.1774286796515221,0.48568108098732027,2.05894086832839,0.5810827218955439,0.23243308875821755,0.08499418917278104,3.982584864096026,0.046833532809491596,1.3241616509028376,0.09974204643164232,9.4430278746249
VINCI,2020,4839,200,0.26176345909283594,0.5734713076199436,27.28205128205128,5.139123895469073,0.2755404832556168,0.1695633743111488,0.24472891566265062,0.056475903614457826,1.6001506024096386,0.056475903614457826,0.03765060240963856,4.819277108433735,0.01882530120481928,1.7527503263099011,0.09323140033563304,10.071536144578314
VINCI,2021,5550,227,0.2675665680473373,0.5583918315252074,27.897777777777776,4.979764181007011,0.38831360946745563,0.09245562130177515,0.2550207204335352,0.8766337264902774,1.5301243226012113,0.0318775900541919,0.047816385081287854,4.638189352884922,0.0,1.5777847901546227,0.09466708740927737,9.387950270959514
VONOVIA,2021,56062,2439,0.08651952211770336,0.5583034278940616,25.818828451882844,4.951577616801983,0.3626456565359056,0.13438138541685843,0.5471956224350205,2.830932646656474,0.4409752957270459,0.2333628389796411,0.06276655669107588,3.4521606180091737,0.037016174458839625,1.8164451166122741,0.2690440181485314,9.210589844693008
Würth,2020,11179,563,0.2955174322080797,0.8236340122858067,22.730275229357797,6.040122709292,0.6364139457664637,0.09223390518354548,0.32412284255732926,1.3856251519325824,0.34843205574912894,0.41325662426059473,0.08103071063933232,3.322259136212625,0.00810307106393323,1.0509296685529508,1.4389652384801939,7.973421926910299
Würth,2021,24218,1193,0.21256162915326904,0.842342968315731,25.032145960034754,5.93117212175905,0.7931404072883173,0.09003215434083602,0.24235218802871644,1.104302894508208,0.14403950797933146,0.16004389775481276,0.07544926608441173,2.1011477433810417,0.0091453655859893,1.6006166681781082,0.7912396844109912,4.478942795738259
ZFfriedrichshafen,2020,31625,1461,0.12644164983384376,0.5908251144018418,24.528511821974966,5.030023814924019,0.30950674398905326,0.21176777220303641,0.5341880341880342,0.19961763382816017,0.6100989653621233,0.19961763382816017,0.08153396311291049,3.7674313990103467,0.033738191632928474,1.8841668754000722,0.22264896607386378,9.573211875843453
ZFfriedrichshafen,2021,58228,3423,0.1723030518097942,0.8166646062554086,19.10993221338049,6.223164713140037,0.6777856635911994,0.099361249112846,0.31730798996997184,0.7955917407051977,0.20895892022412776,0.2987338637278271,0.060365910286970255,3.787573909544005,0.030956877070241154,1.6524172236903465,1.503186693611068,7.757793393802433
Zalando,2020,20207,823,0.1486093391171217,0.5485111329696861,28.526114649681528,4.7680525164113785,0.35723398826231184,0.16330696606277112,0.6886505098662429,4.5027148722023576,0.2913521387895643,0.22513574361011784,0.092702953251225,3.9200105946232284,0.06621639517944643,2.0207299015765177,0.3135615364515286,11.053723568622258
Zalando,2021,23949,1059,0.1316589901798905,0.5598959315259605,26.78125,4.9355215116497915,0.3823759450769097,0.1129747110454506,0.6013809488454971,4.502932660182641,0.2635681936298166,0.22644591283688473,0.07053233350657064,3.8050337812755215,0.029697824634345532,2.568518247105379,0.24549318481606333,10.587274482144183
amazon,2020,38858,1499,0.11478228665149992,0.5768,29.182316655243316,5.077130845292059,0.6534045817681604,0.07936088037669965,0.515499664809635,3.663977438220948,0.1479460921426755,0.12251785755565317,0.01849326151783444,4.399084583554867,0.05547978455350332,1.496573694222263,0.19480668301514908,11.47275711412654
amazon,2021,43970,1718,0.10607874903148552,0.580981454945694,29.77037037037037,5.048229244422327,0.6315888333215938,0.1314831771970604,0.4602921320731558,3.7743954829998776,0.14933922507262387,0.13297328259891167,0.05318931303956466,4.134446217421546,0.045006341802708565,1.9289669580738726,0.1440133060181335,11.55640112925003
bayerische landesbank,2020,55696,1923,0.08684312746240497,0.5498207301173403,34.74788015828152,4.999088927211792,0.2737546935982095,0.09803377541016961,0.3963695782304121,0.6843442105774054,0.6859620455905907,0.3219491676238857,0.04529938036918995,4.104447428451246,0.022649690184594975,2.2070549212221726,0.10843911462652293,7.880474349225866
bayerische landesbank,2021,67205,2331,0.07654930333082972,0.5492632460393566,34.347685185185185,4.977139776250168,0.3188276950903601,0.11956038565888502,0.4128409624019838,0.6514308692446887,0.6943234367669727,0.2948864017157027,0.052275316667783664,3.9916895650425577,0.032169425641713024,2.244013321351166,0.13083469894803615,8.19382078949132
bosch,2020,8074,192,0.2163841076743885,0.6100481145798367,65.31386861313868,4.642825212337953,0.1423579655752556,0.1423579655752556,0.5266106442577031,2.0504201680672267,0.6386554621848739,0.21288515406162464,0.0784313725490196,3.1820728291316525,0.011204481792717087,2.580859548072663,0.14399645547186532,7.57422969187675
bosch,2021,8062,239,0.21367851622874806,0.563299159083055,57.562913907284766,4.604003681546249,0.36063884595569295,0.24471921689850593,0.42538514601057714,2.1384226258910095,0.7013106461255461,0.2299379167624741,0.08047827086686594,3.449068751437112,0.022993791676247415,2.0681818181818183,0.1590909090909091,8.668659461945275
carl zeiss,2020,25566,1111,0.1313440038606933,0.5845744298150947,25.775925925925925,5.151735038436669,0.3538968873160138,0.1327113327435052,0.36900369003690037,0.19869429463525404,0.8550950894124326,0.19869429463525404,0.06741413567981834,4.644479137099063,0.046125461254612546,1.4537134811686026,0.08447729672650475,9.363468634686347
carl zeiss,2021,28121,1320,0.12482647767954994,0.5801792991035045,24.01172791243159,5.0700074891732605,0.3762694527653978,0.12420545042741288,0.47192526244823274,0.41092811968281484,0.8603807505858936,0.23114706732158338,0.051366014960351855,4.38537352724004,0.04815563902532986,1.4451143650110059,0.1371742112482853,9.332562843108928
commerzbank,2020,28754,1312,0.12471156619555812,0.5589145817538539,25.120348376880443,5.013238353400996,0.42183443899625034,0.1946928179982694,0.41641879833432477,1.2116847741006294,0.5760981871692915,0.22542972541407055,0.07514324180469019,3.635054322301888,0.025047747268230062,2.4483385174463366,0.11702750146284377,8.315852093052381
commerzbank,2021,31643,1407,0.11853905103538236,0.5667378613128293,25.364553314121036,4.988211231997273,0.4695907386270993,0.19240176096526984,0.37772287069381727,1.224049302774701,0.5396041009911675,0.20448155405981086,0.06532049643577291,3.6778279514924317,0.03408025900996847,2.075930951514982,0.12310102677447333,8.102581579620004
dm,2020,3475,207,0.3687298327955412,0.8379641651519086,26.965034965034967,5.434387966804979,0.7333528894103842,0.4106776180698152,0.4660797514241326,4.583117555670637,0.5955463490419471,0.4401864319005696,0.10357327809425168,3.98757120662869,0.0,1.0605276771857217,0.594930160372478,8.052822371828068
dm,2021,2690,146,0.3624856156501726,0.8229409803267755,29.41176470588235,5.675333333333334,0.5370157268891446,0.34522439585730724,0.33456005352960855,4.048176647708264,0.3011040481766477,0.33456005352960855,0.03345600535296086,3.278688524590164,0.0,1.7666666666666668,0.5666666666666667,8.129809300769487
evonik,2020,53252,2693,0.08534134587243673,0.5566171086019858,22.255857898715043,4.952315451627694,0.5033851676975006,0.16779505589916688,0.4245998315080034,2.781802864363943,0.38584667228306657,0.2122999157540017,0.026958719460825613,3.6124684077506317,0.050547598989048016,2.6773273173644747,0.15261097471966026,8.675652906486942
evonik,2021,53777,2709,0.0895150061881188,0.5570851288586328,22.50451467268623,4.947972916492518,0.48151299504950495,0.18564356435643564,0.3800514480126131,2.71512737532155,0.399966807733798,0.22404779686333084,0.036511492822172434,3.6511492822172436,0.04646917268276492,2.79883667734135,0.11763936997581859,8.442452908472326
henkel,2020,36712,1299,0.11298737727910238,0.552103774306175,33.15080033698399,4.687674714104193,0.33660589060308554,0.24123422159887797,0.5929507570937779,3.6009670441532,0.5522331085379819,0.18831912457055605,0.017813971243160708,3.2879501208805193,0.04835220766000763,1.7445970511007876,0.17925671581498687,9.955465071892098
henkel,2021,32374,1143,0.11151241534988714,0.5621154118814689,34.14975845410628,4.838591031263262,0.3611738148984199,0.20316027088036118,0.4373589164785553,3.724604966139955,0.3809255079006772,0.33013544018058694,0.04514672686230248,3.4396162528216707,0.039503386004514675,2.5050910815409937,0.12553351744915892,9.19018058690745
ibm,2020,16132,670,0.1573502955538422,0.5930049482681061,27.046969696969697,5.043134838384404,0.4112053456694937,0.22487792341300436,0.5438099994450918,1.8977859164308306,0.6880861217468509,0.4328283669052772,0.05549081626990733,3.6568447921868934,0.027745408134953665,2.277966845976507,0.11527061148314853,10.343488152710727
ibm,2021,18804,757,0.16863807207605572,0.5791215114606311,27.804521276595743,5.011717442249749,0.42007517134645145,0.18240106124253813,0.4513278540548245,2.1283671433322247,0.47508195163665734,0.1425245854909972,0.03800655613093259,4.622547389424676,0.05225901468003231,2.1354313009272268,0.12175704785988574,10.580075062948358
ing,2020,9242,389,0.17976790015327349,0.5875414310781829,27.43582887700535,4.946593899230095,0.4269761331289687,0.04379242391066346,0.8358954650269025,2.8823981552651805,0.3554957724827056,0.22098385857033054,0.08647194465795542,3.554957724827056,0.27863182167563416,0.898575661982602,0.2581015199311729,9.800153727901614
ing,2021,45997,1713,0.08959344525092398,0.5856941773557225,30.40012033694344,4.997506135697886,0.4519748853364207,0.20706238589304002,0.7019958706125258,3.2346868547832073,0.27135974830400156,0.17894012388162422,0.11011699931176876,3.5257103529643103,0.10225149936092812,1.6842556174305852,0.33685112348611707,10.278242060760986
kpmg,2020,11951,582,0.17519061081127388,0.5589997005091345,22.972508591065292,4.803664921465969,0.5225734601216483,0.17990233873040348,0.5392046731071669,3.916722833820115,0.30704710551935893,0.6440500262113383,0.05242267655208567,4.583239721410918,0.05242267655208567,1.5061139278258278,0.2311362958544587,11.62285628697671
kpmg,2021,15546,843,0.2204993429697766,0.8223492359734049,20.772397094430993,6.219256323580837,0.6636005256241787,0.10512483574244415,0.2861313868613139,3.089051094890511,0.1518248175182482,0.1751824817518248,0.05839416058394161,3.6379562043795617,0.01751824817518248,1.4602803738317758,0.6600467289719626,7.567883211678832
landesbank baden württemberg,2020,59326,2595,0.09532979424725027,0.5878676915627647,25.878125,5.051206956416721,0.35911314666389094,0.15787099684258007,0.34861143798540833,1.544481054365733,0.38244292774770533,0.29271593316074374,0.04706989879971758,3.6479171569781124,0.022064015062367617,1.833751531773356,0.09336523312131645,8.709402212285243
mahle,2020,5891,253,0.24754770822186553,0.5742368547227106,27.92888888888889,4.814608529598981,0.17834849295523453,0.16051364365971107,0.5077753094255791,3.094255791812123,0.7933989209774674,0.7616629641383688,0.26975563313233897,4.030466518565535,0.015867978419549348,3.7587006960556844,0.20108275328692962,7.933989209774675
mahle,2021,6033,265,0.24066746946499226,0.5743021986589739,27.78448275862069,4.845020167545765,0.30965078272836744,0.1892310338895579,0.38592158073479466,3.79746835443038,0.33961099104661935,0.802716887928373,0.2624266748996604,3.9364001234949058,0.030873726458783574,3.0289262456459185,0.12115704982583675,8.660080271688793
merck,2020,67460,3205,0.08581457274267731,0.5565401579236657,23.811663479923517,5.062553533190578,0.3056160735899298,0.13767852820140403,0.4076878276062901,4.295282469423413,0.29650023825912003,0.25679038492084505,0.05294647111770001,3.9167152009318578,0.0383861915603325,1.4508152637309302,0.0839531436516994,10.171017101710172
merck,2021,56475,2250,0.09151155211124792,0.5593475655188053,29.551625239005737,5.068390999822067,0.2933294705584124,0.12131527486057797,0.46548209499044957,5.062519060689234,0.3306527985104573,0.2279257154780822,0.059389094878091846,3.95338758607406,0.03370732411999807,1.5157298724432993,0.0890670229347584,10.57446910964511
pwc,2020,17352,756,0.2350485151426051,0.8360612460401268,25.721845318860243,6.1191644247507515,0.5586592178770949,0.11761246692149367,0.2062291787848342,2.4483105071122626,0.21151710644598384,0.2855480937020781,0.08989477023954312,4.737983184390037,0.005287927661149596,1.0712966383450313,0.6280014776505356,7.667495108666913
pwc,2021,27039,1175,0.20948960302457467,0.8263154326010307,25.54584775086505,6.323896921878704,1.383742911153119,0.10586011342155009,0.34285714285714286,2.416806722689076,0.2722689075630252,0.31932773109243695,0.08067226890756303,4.39327731092437,0.0067226890756302525,1.4248531767218366,0.7274426054458089,7.542857142857143
rwe,2020,5645,240,0.3080867850098619,0.7417787137534424,37.670731707317074,5.463655496195564,0.39447731755424065,0.05917159763313609,0.19756338491932832,1.1359894632861376,0.2140270003292723,0.757326308857425,0.11524530786960817,2.9799143891998683,0.016463615409944024,7.892647292361442,0.5875813879625219,5.202502469542312
rwe,2021,13672,650,0.2592734812994394,0.8082247009810509,27.752327746741155,5.500671050865655,0.6527916442669534,0.0614392135780662,0.20951608542849418,2.743984860773182,0.25006758583400923,0.5339280886726142,0.07434441741011084,3.2035685320356855,0.013517166801838336,3.1578947368421053,0.7777405296681194,6.5423087320897535
schaeffler,2020,22266,977,0.1340359348159153,0.5747339567881329,25.807053941908713,5.089034488302918,0.3342773573517805,0.1439249733042388,0.46617260339469285,0.38648497888277955,0.4940632719738625,0.19921906127978325,0.05976571838393497,3.6138337716152678,0.019921906127978325,2.105097173493121,0.12614814522805218,8.797513746115229
schaeffler,2021,24203,1024,0.13094679353159533,0.5811512540050823,27.07554671968191,5.009582201336368,0.2517387037590135,0.10666894227076844,0.44010144711323285,0.23869908995971953,0.4848575264806803,0.2088617037147546,0.05967477248992988,3.8191854393555125,0.026107712964344325,2.014537136110394,0.17710216581190275,8.637923317917352
shell,2020,44558,1891,0.09909362735937208,0.5637749845456419,26.19924609585353,4.873550933157938,0.640067277144459,0.12380863390020556,0.5931804700443862,3.4936284235717645,0.41522632903107043,0.20863588946388759,0.04909079752091472,4.215672237108552,0.07159074638466731,2.3170068301331774,0.21155279753389883,11.237701732496062
shell,2021,25530,1078,0.11673647039500698,0.5606950648985192,27.485549132947977,4.808867858394672,0.681612876734828,0.13139525334647287,0.5321197269385611,3.6443199719936987,0.23805356205146158,0.37108349378610184,0.038508664449501136,3.9103798354629795,0.0735165412217749,2.934405387760712,0.18898395354430816,10.019254332224751
strabag,2020,21589,827,0.1429933724312211,0.5667330255411072,29.412935323383085,4.978053112313938,0.29085014065703524,0.1668812282458399,0.5051981128136612,1.306834787691537,0.3173145171391591,0.2004091687194689,0.07515343826980085,3.9372051271345665,0.029226337104922548,1.5959210744486818,0.11192173768860886,8.116571333138491
strabag,2021,27776,1102,0.12391834923452408,0.5730920639121374,28.039814814814815,5.02344549747383,0.273648398787072,0.16640781007321945,0.47856235960543025,1.0385128756063418,0.31578604681446754,0.2864863105120943,0.07813263013966208,3.8903538757040077,0.048832893837288796,1.4750598434366307,0.10351297146923724,8.269036689780904
telekom,2020,66723,3074,0.07905992804311236,0.5637418674169158,24.52316346790205,4.913692363744316,0.38757894411760163,0.16985531415512423,0.5233998348560318,3.2815704658658076,0.43816423834003676,0.23572969661454865,0.046613216844684766,3.3321791012971795,0.05194044162693445,1.9600869393400513,0.1330435355331621,9.446501345124258
telekom,2021,86733,3809,0.06992824836013166,0.5561765095811619,26.194666666666667,4.8257642854961365,0.25693243979255964,0.2308839896753416,0.38525979954451056,3.297783752871891,0.4504730468632428,0.20868239141994321,0.03310826402335638,3.189429434249998,0.03611810620729786,1.8507480479227516,0.07450676521428146,9.111795571518867
volkswagen,2020,22970,599,0.138062683121726,0.5660377358490566,46.541586073500966,4.316806582993932,0.3240699635976205,0.11542217881559087,0.6394286663344959,2.208935392791895,0.5356253114100648,0.31141006477329347,0.10380335492443116,3.5044012622487957,0.04152134196977247,1.1072549991736904,0.23549826474962818,8.221225710014949
volkswagen,2021,20322,532,0.13533909740616723,0.5781110432043628,48.99310344827586,4.206174924924925,0.3248538157828977,0.15992803238542655,0.6430717236199774,1.8306421329327824,0.49286518963574916,0.27694329703342097,0.09857303792714983,3.370259106271123,0.028163725122042807,1.107011070110701,0.233546639263861,8.646263612467141
vonovia,2020,51533,2287,0.08565558237417965,0.5606357270113422,25.406794814483682,4.952638343574485,0.3810017753485867,0.11569687418962318,0.5711690625491258,3.282038741681368,0.3685525143665613,0.26724424027527904,0.052400831426525296,3.627884229096435,0.03842727637945188,1.7904096318848601,0.23353169111541655,9.222546331068452
